id,Nome,Idade,Renda,Meses Relacionamento,Score,Inadimplente
1,Norean Agate,33,9268.89,84,292,true
2,Gherardo MacIlwrick,22,3480.97,80,754,true
3,Vonni McCrie,41,8817.47,5,509,false
4,Beau Spring,58,7428.34,6,428,true
5,Tad Leary,55,12632.6,7,287,true
6,Monah Slegg,64,10235.22,61,805,false
7,Clevey Yule,24,5609.72,48,87,false
8,Roy Mascall,35,10193.33,4,908,true
9,Tiffani Rushton,33,6660.46,20,855,false
10,Briggs Chantree,64,7719.65,2,20,false
11,Tressa Gerrill,68,11296.02,119,990,true
12,Rowney Huggin,56,5830.35,55,69,false
13,Lindsay Hynard,80,13057.89,59,612,true
14,Wildon Asken,80,10801.3,37,396,false
15,Aili Rembrandt,47,6067.37,12,238,true
16,Stephi Scannell,63,4913.41,85,637,false
17,Natalie Duffrie,77,6536.97,15,787,true
18,Malinde Blundan,54,10966.81,31,214,false
19,Annis Quantrill,48,7676.43,70,785,false
20,Carroll Gillcrist,53,12881.88,67,945,true
21,Olympie Dodge,37,2226.88,90,667,false
22,Ahmad Bassil,26,7701.93,17,904,true
23,Sara-ann Betteridge,45,3785.5,22,238,false
24,Diena Emery,62,6463.35,20,145,true
25,Silva Linebarger,52,4016.78,82,591,false
26,Brit Scorthorne,53,7783.23,84,57,false
27,Bibi Pomeroy,69,3971.63,42,989,false
28,Giordano Ladds,42,13325.8,83,8,false
29,Sally Chapple,59,10575.21,111,309,true
30,Arda Colleymore,34,9908.39,110,686,true
31,Dre Derx,76,7325.99,117,671,false
32,Zeb Blackbourn,56,8708.24,9,259,true
33,Hilario Ream,22,12150.48,54,109,false
34,Dal Simoncello,62,11721.48,89,298,false
35,Hunfredo Loxly,23,2098.8,89,827,true
36,Dory Nussii,32,11445.55,84,769,false
37,Milzie Casterot,24,3713.73,73,190,true
38,Yvonne Fransinelli,37,5033.93,77,940,false
39,Freida Flatley,21,7340.53,4,386,true
40,Reuven Duprey,50,12990.04,0,958,false
41,Dunn Okill,65,14412.82,86,509,true
42,Early Treadger,72,3564.55,40,770,true
43,Zsazsa De Angelo,18,12216.43,65,411,true
44,Clare Stannah,46,5426.53,109,267,true
45,Milli Grimes,59,1195.12,11,616,true
46,Wesley Danbi,46,7740.08,11,649,false
47,Ara Chitter,43,5212.05,29,831,true
48,Britta Jaouen,75,14187.22,41,11,true
49,Ruttger Jobbins,62,1575.33,80,347,false
50,Ermina Ragate,36,9216.62,38,914,true
51,Carilyn Riping,48,11100.91,93,623,true
52,Beniamino Kitchener,43,5546.46,36,559,true
53,Margi Punt,61,7869.35,81,998,false
54,Randie Barlass,50,4805.26,18,879,false
55,Esme O'Flaherty,30,3665.58,40,50,true
56,Vernen De la Yglesia,76,13972.11,120,797,false
57,Ava Bachman,47,7798.96,38,49,true
58,Anders Grishechkin,71,3567.04,24,568,true
59,Thalia Simond,69,2030.31,35,311,true
60,Elly Klulisek,27,12656.19,33,976,false
61,Darrel Gaitley,52,6414.24,24,236,true
62,Abbe Karpets,28,4327.52,96,902,true
63,Yul De Lorenzo,58,8008.13,44,924,false
64,Livia Bonafacino,77,6932.88,59,542,false
65,Jackelyn Pettegree,64,4374.2,16,16,false
66,Amaleta Kobierra,79,2650.09,90,424,false
67,Heath Foley,80,11112.68,51,492,false
68,Estevan Stoter,28,7006.41,97,621,true
69,Nadia Higgen,25,7923.15,118,971,false
70,Isabel Teideman,33,10083.79,82,896,true
71,Margarita Cords,72,13818.32,31,838,true
72,Crichton Curme,61,8643.57,111,406,false
73,Dolores Salvin,59,14180.01,40,357,true
74,Casey Hannen,19,9930.21,37,286,false
75,Laurence Leman,47,10124.64,59,424,true
76,Ailey Reynault,57,6617.54,1,884,false
77,Cecilius Tregoning,58,6801.59,43,258,true
78,Rickie Dublin,74,7489.32,24,595,true
79,Reube Sproule,65,5034.37,63,788,true
80,Franchot Kezor,68,14733.71,57,96,false
81,Tremain Raigatt,28,14979.02,92,208,true
82,Vittoria Abys,39,10999.36,113,567,false
83,Sherry Jersh,68,5808.55,116,741,false
84,Cirilo Matovic,66,6828.22,102,642,true
85,Oliy Adair,37,6076.41,113,726,false
86,Drake Rosenbarg,69,12805.12,9,135,false
87,Justus Tough,43,10240.62,119,299,true
88,Kristos Bertson,45,3845.55,79,350,false
89,Bernadine Fusco,51,5535.94,103,311,true
90,Tansy Packham,24,10573.43,38,332,false
91,Farlie Willingale,78,1052.35,54,298,false
92,Olia Scurrell,38,4653.54,93,867,false
93,Valdemar Echalie,77,6242.65,115,280,true
94,Sanford Pacheco,63,14688.12,61,826,true
95,Sarina Janczyk,77,14414.36,0,260,true
96,Willy Bissatt,52,9978.31,30,922,false
97,Daron Oakden,38,2727.0,66,822,true
98,Eunice Bradford,66,4896.42,98,259,false
99,Aarika Black,64,7630.71,69,899,false
100,Romona Heading,18,5351.26,32,952,true
101,Elsey Brownill,24,4335.58,86,797,false
102,Amelina Rattery,69,8657.41,40,904,true
103,Sayers Akam,22,14534.34,68,621,false
104,Dorothy Pohling,69,6642.4,43,334,true
105,Ganny Huggan,70,6183.75,64,533,false
106,Evey Brocks,36,12601.53,88,34,true
107,Massimiliano Hammor,25,9680.61,7,708,false
108,Verene Scoines,39,2257.1,2,516,true
109,Lexine Cyseley,53,1661.73,112,192,true
110,Shirlene Czapla,55,8371.5,23,228,false
111,Alex Liversage,38,9501.32,44,846,true
112,Sallie Attreed,25,13001.61,35,532,false
113,Sashenka Fellgett,69,14173.21,65,451,true
114,Berry Greasley,35,5823.09,53,829,false
115,Orelia Willman,50,4065.21,45,78,true
116,Shel Adamek,27,5798.54,58,626,false
117,Pooh Cure,67,13124.12,90,844,true
118,Charlean Wyett,21,10549.45,103,646,false
119,Derril Ivanets,70,12939.94,103,440,true
120,Fowler Burg,47,14913.11,102,556,true
121,Isidro Pevreal,47,14115.62,83,766,true
122,Burt Puckring,47,14569.3,84,717,true
123,Ericka Langelay,51,11376.99,120,196,true
124,Wenonah Gratrex,47,4985.7,32,472,true
125,Faustine Cota,46,1666.68,107,12,false
126,Wilt Farnill,49,14799.38,114,282,false
127,Bernadette Juzek,69,4745.48,48,160,true
128,Joy Happer,54,2395.85,54,731,false
129,Kit O'Brien,61,5707.63,45,985,true
130,Aldo Catteroll,56,5839.16,1,891,true
131,Rudy Gussie,77,7618.08,109,544,false
132,Roobbie Dallin,75,12350.29,51,826,true
133,Leola Forsyth,65,14271.4,75,790,false
134,Daryl Didball,39,4615.8,64,36,false
135,Shawn Goodwill,79,4807.52,75,771,true
136,Thomasina Linthead,20,8832.24,76,757,true
137,Ursa Reuble,18,8001.97,40,28,true
138,Dael Limerick,34,5327.58,73,899,false
139,Min Ference,53,4138.74,112,125,true
140,Keane Tomes,68,1647.58,48,324,true
141,Marchall Worster,70,1222.8,93,125,false
142,Elisabeth State,76,2245.85,93,18,true
143,Kelsey Kuhl,79,4249.26,6,636,false
144,Turner Tonks,44,4640.3,103,761,true
145,Peg Boij,19,7987.65,59,925,false
146,Jaymee Sherville,24,1466.42,61,636,false
147,Brynne Beves,66,14832.29,73,811,false
148,Waly Nottram,73,9941.79,95,916,true
149,Jeannette Heningham,40,12857.57,46,722,false
150,Christean Twinberrow,35,11554.56,18,460,false
151,Gladi Manoch,21,9578.86,94,460,true
152,Lauryn Wybrew,27,3836.99,99,883,false
153,Elspeth Wrench,56,7245.86,26,789,true
154,Penni Brettor,63,1775.54,73,315,false
155,Towney Varty,20,6017.82,63,798,false
156,Fenelia Finlason,46,9808.49,105,768,false
157,Raffarty Paireman,48,5986.6,1,720,false
158,Devlen Neilus,69,11149.21,41,843,true
159,Emalee Cleeton,18,2495.64,114,185,true
160,Tonia Flowith,71,1617.86,81,551,false
161,Diena Caroline,54,8154.55,83,956,false
162,Rolf McKea,24,6833.09,80,573,false
163,Nowell Pacheco,25,4480.46,66,910,false
164,Allen Minors,58,13422.93,75,897,false
165,Chaunce Hoovart,47,12236.64,20,624,false
166,Gabie Ratnage,79,10439.47,98,827,false
167,Bendix Iannelli,46,2205.81,47,279,true
168,Vita Stoppard,64,1379.69,25,819,true
169,Lenard Vigors,25,4095.1,70,140,true
170,Gabrila Ferson,56,11169.79,44,811,true
171,Ian Fumagall,53,6081.06,115,296,false
172,Rebecca Dunne,25,8833.33,66,442,true
173,Filia Bewshaw,70,10398.83,20,755,false
174,Paule Ingall,66,12887.94,23,539,true
175,Tiffie Braid,76,3529.05,96,426,false
176,Krissie Llorente,24,8120.45,74,732,true
177,Patricio Frail,59,13061.58,45,248,true
178,Foster Saladin,65,10421.02,117,237,false
179,Cicely Baillie,20,14956.32,114,888,true
180,Sarita Sunnex,39,1917.69,102,430,true
181,Elizabet Diddams,64,9395.1,10,596,true
182,Ado Basnall,78,5408.38,11,180,false
183,Jacquelyn Rudgard,74,12156.93,71,94,false
184,Ingaborg Doxsey,52,12496.46,6,168,true
185,Ingmar Willers,28,4208.18,100,177,false
186,Kizzee Dybell,50,9534.82,3,464,true
187,Salim Asson,22,14102.87,98,133,true
188,Steffie Twiname,57,9021.82,106,670,false
189,Hagan Ostler,67,14167.03,118,441,true
190,Karlotta Sibson,38,8116.44,39,687,false
191,Merill Anfosso,79,1847.69,91,769,false
192,Orv Sorrill,71,11715.75,117,372,true
193,Dmitri Bonnin,24,11103.33,45,638,false
194,Michelina McQuilliam,34,5891.33,55,313,true
195,Reese Daout,76,6567.89,87,645,true
196,Pyotr Bunhill,58,13042.63,36,672,true
197,Hortense Rubenfeld,65,10071.37,25,797,false
198,Jesse Ackery,69,7089.15,56,332,true
199,Neale Jeanel,21,1077.68,17,701,false
200,Nahum Elstone,39,11364.19,15,397,false
201,Allyce Elloit,65,1760.44,16,505,true
202,Kellyann Assad,79,9380.95,111,114,true
203,Candra Bruntjen,66,9490.32,44,292,false
204,Milissent Ellingsworth,23,7264.94,55,988,true
205,Miran McLurg,58,7130.53,119,652,true
206,Marci Haydn,64,2600.63,111,749,false
207,Vance Soigne,32,10767.58,47,403,true
208,Mallory Graalmans,72,7081.11,100,860,false
209,Kira Leamy,41,6595.86,63,997,false
210,Mathe Devine,23,11204.15,113,862,true
211,Hale Tolley,58,5127.55,14,225,false
212,Derron Figgins,22,10794.52,98,467,true
213,Conroy Zincke,73,7294.31,31,915,true
214,Rhianon Wellesley,65,10777.84,112,77,true
215,Tate Leggott,63,2211.83,88,738,true
216,Nanni Geraldini,44,11158.63,33,325,false
217,Dennet Paskins,69,14306.99,89,607,true
218,Camellia Fulle,65,12588.82,50,55,false
219,Edwina MacCurlye,36,12671.32,65,348,true
220,Belita Krink,34,4814.7,34,37,false
221,Melisande Pankhurst.,45,3523.01,1,558,true
222,Aland Lawrence,58,3109.72,50,498,true
223,Sibylla Letrange,37,6613.73,82,411,false
224,Skipper Ardley,45,11560.05,38,860,true
225,Lise Curman,32,9543.57,79,985,true
226,Agnesse Benito,80,6965.74,56,380,true
227,Jeanelle Espinosa,76,14455.43,28,957,true
228,Giulio Boggish,31,13496.14,119,81,true
229,Evania Eliasen,43,11563.83,57,602,false
230,Terrill Lamb-shine,25,8394.17,4,334,true
231,Meyer Wasielewicz,43,3632.08,60,235,false
232,Preston Weems,59,10194.73,107,81,false
233,Nev Krolman,25,12514.8,42,669,true
234,Malissia Gitsham,24,13783.02,118,863,false
235,Simonette Halsworth,25,14119.74,83,279,true
236,Moore Keynd,77,4185.99,82,194,true
237,Roley Borne,56,9024.03,41,747,false
238,Ignacius Seaton,58,12759.28,82,735,false
239,Wells Bolle,46,3737.31,75,585,false
240,Norby Blakesley,67,11021.27,36,19,true
241,Dari Gibbetts,68,6173.3,115,152,true
242,Giorgia Laste,26,8294.68,106,939,false
243,Ritchie Binnion,38,11750.72,85,398,true
244,Agneta Klimschak,22,1785.39,98,591,false
245,Stern Buddington,25,3824.03,85,530,true
246,Adeline Gounod,24,3189.25,2,646,false
247,Beck Coolbear,30,14910.05,100,453,true
248,Willem Basilio,31,1830.9,44,206,true
249,Traver Luisetti,26,14824.46,65,997,true
250,Kora Cattemull,43,13646.59,116,220,false
251,Gasper Cubbino,68,9706.93,31,819,true
252,Alta Mapledoram,46,12953.56,7,963,false
253,Leroi Pumphreys,56,11449.12,61,612,true
254,Romeo Booij,28,7156.77,42,631,false
255,Annabel Rotlauf,77,6953.99,62,829,false
256,Nev Rubenfeld,50,13060.46,22,173,true
257,Hirsch Mayall,51,10488.2,47,985,false
258,Domenico Nisuis,67,4499.15,102,164,true
259,Kinnie Middleweek,21,4312.47,34,622,true
260,Shep Mussolini,69,1253.3,56,974,false
261,Carmelle Marikhin,43,5344.24,12,973,false
262,Kristofer Alpin,25,2670.96,109,708,false
263,Claudian McGall,52,5378.62,67,78,false
264,Chicky Yegorkov,27,13020.59,51,114,false
265,Carolin Bernlin,72,9860.75,96,207,true
266,Elsbeth Aldin,36,14051.89,86,719,true
267,Aksel Blood,54,12576.44,47,457,false
268,Laura Sevin,63,2612.67,54,371,true
269,Taddeo Bayns,68,7969.25,76,983,true
270,Hewitt Mattack,72,4838.87,87,51,false
271,Pamelina McKune,68,10710.21,13,238,false
272,Clarine Ridgeway,30,3342.66,3,955,false
273,Leslie Bloore,34,2753.03,113,682,false
274,Barron Mackness,34,14899.65,29,960,true
275,Oralie Juanico,41,1182.5,101,101,false
276,Mitchell Tidmarsh,59,6184.49,0,284,true
277,Gaelan Brockhouse,26,14511.88,90,353,true
278,Trudey Gobel,25,13057.17,64,753,false
279,Gaby Druitt,37,8400.86,57,730,true
280,Steward Sherratt,44,9746.97,78,485,false
281,Gratiana Kornyshev,39,1808.39,111,18,true
282,Flora Hargreave,38,5004.54,9,828,false
283,Isabella McFadin,28,6984.93,51,65,true
284,Averil Ceillier,64,2535.05,10,178,true
285,Durant Laurencot,68,6238.15,92,475,true
286,Gerti Rosser,66,10191.74,79,586,true
287,Ginni Ratke,44,6648.43,48,937,false
288,Neilla Mee,29,9549.98,45,848,true
289,Rafe Whate,69,3728.29,23,507,false
290,Ernaline Calleja,25,12782.06,118,275,false
291,Benni Renachowski,69,11146.6,103,671,false
292,Lorri Tookey,54,1130.24,2,26,false
293,Marlene MacGrath,58,5186.72,38,408,true
294,Lukas Akitt,75,4209.41,117,88,false
295,Chic Papes,29,14096.79,105,543,false
296,Aubree Izzatt,63,13185.19,112,816,true
297,Nevile Bayne,49,6475.73,2,445,true
298,Carlyn Aynscombe,73,4184.24,7,437,true
299,Peggie Barnfather,47,3616.81,65,687,true
300,Korney Guiducci,33,4050.37,101,932,false
301,Constantino Whalebelly,49,9776.77,119,856,false
302,Clayson Mattiello,52,8952.01,76,163,false
303,Cameron Trethowan,42,12609.64,65,801,true
304,Mal McKearnen,64,4436.64,16,254,false
305,Jannel Tomasutti,44,1695.62,57,131,false
306,Liam Bachura,42,1099.38,109,645,false
307,Colet Hold,49,4053.38,69,762,false
308,Rowena Fenech,51,4506.96,81,452,true
309,Sher Lauga,71,11039.21,50,53,false
310,Durant Cardnell,52,8861.17,118,916,true
311,Aubrey Barnett,30,8143.19,103,980,true
312,Geoffry Arckoll,39,12314.47,29,282,false
313,Steffane Utteridge,19,12069.98,91,953,false
314,Eberhard Digan,23,2530.83,103,641,false
315,Saundra Boseley,75,3932.23,49,218,true
316,Noach Ceeley,39,5720.21,50,758,true
317,Malanie Melloi,47,2837.42,43,913,false
318,Alfy Phinn,59,2864.75,36,287,true
319,Danny Basini-Gazzi,53,9358.85,116,842,true
320,Merill Yurkov,80,3274.54,96,635,true
321,Adelaida Castiglione,78,13240.53,68,757,true
322,Meris MacCumeskey,39,7598.63,94,389,true
323,Ashla Loxley,79,2500.94,108,355,false
324,Denice Strahan,23,14839.65,56,302,true
325,Arnuad Grand,25,4622.96,81,432,false
326,Traci Rait,37,7219.53,34,115,true
327,Mickie Orgee,57,3519.32,78,974,false
328,Elisabetta Tschiersch,75,5810.75,11,361,true
329,Chase Costar,54,12039.56,50,546,false
330,Kurtis Leonardi,48,1115.69,2,655,false
331,Karita Auston,37,14284.18,6,136,true
332,Linus Carlile,22,10302.6,60,399,false
333,Barnett Grime,64,10514.93,107,649,true
334,Mendel Brimblecombe,30,11719.99,63,832,true
335,Lindie Shulver,37,8573.29,62,515,false
336,Sibby Mainstone,32,8763.18,48,179,false
337,Beckie Lyness,40,6297.08,31,545,true
338,Wye Binyon,50,9602.47,51,511,true
339,Agata Keets,27,5899.75,89,856,false
340,Brunhilda Joanaud,77,14463.87,0,330,false
341,Eleonore McCaig,36,13791.01,31,989,false
342,Rahel Mixon,42,5990.81,52,496,false
343,Nancy Wisbey,45,7623.92,11,423,false
344,Donny Castanie,27,1246.09,105,708,true
345,Nelson D'Emanuele,18,9285.13,33,2,true
346,Janie Grastye,68,12317.66,87,89,true
347,Wallache O'Sheeryne,65,8219.65,34,825,false
348,Adelice Scini,54,2293.58,33,382,false
349,Clarke Joska,74,2782.55,13,304,false
350,Ted Curado,62,4217.34,57,89,true
351,Star Falck,63,4823.92,18,433,false
352,Mar Di Bartolomeo,53,4259.06,67,933,false
353,Rhoda Harroll,48,5719.44,10,334,false
354,Jay Euels,62,5872.06,74,344,false
355,Barbabra Spellecy,72,6746.9,73,690,true
356,Tudor Delooze,80,12817.71,104,768,false
357,Romeo O'Boyle,71,8696.8,105,102,false
358,Brocky Farncombe,32,6585.45,53,435,false
359,Kettie Spikins,52,11007.8,55,673,true
360,Brendin Kondratenko,77,14917.81,56,753,false
361,Stephie Hazelhurst,33,6971.99,71,88,true
362,Joshia Kaindl,29,6440.41,71,747,true
363,Anne-corinne Scarlan,69,2070.01,19,728,false
364,Gardie Elliston,76,11505.61,7,383,true
365,Bride Gowry,75,10615.32,55,47,true
366,Dianne Hamfleet,21,4948.94,113,357,true
367,Alta McFetridge,64,12958.87,53,919,true
368,Fleming Jiruch,54,3162.17,0,630,true
369,Joela Vigars,26,9762.05,49,781,false
370,Hyacinth Hamlin,64,9483.71,12,161,false
371,Ede Whittlesey,20,1448.63,110,610,true
372,Travers Folder,46,13279.83,50,144,true
373,Torey Litchmore,64,4105.13,18,450,false
374,Crosby Salasar,69,3563.47,71,590,true
375,Barbi Van Arsdalen,49,6934.94,13,469,false
376,Benedicto Simoncello,61,6404.85,93,452,true
377,Abeu O'Spillane,32,8423.83,51,943,false
378,Madelena Mac Giany,55,6999.17,36,655,false
379,Dyna Lougheid,30,9088.32,113,688,false
380,Catarina Cutten,77,4578.24,48,885,false
381,Allie Scurry,52,9584.28,17,244,true
382,Abbi Shillam,80,5531.37,77,661,false
383,Cordey Rastrick,39,14368.58,114,927,false
384,Molli Lagde,46,9776.32,110,338,true
385,Perla Beller,59,7627.04,51,340,true
386,Tirrell Oulet,54,12857.52,43,13,true
387,Lilias Jewell,53,5522.44,84,606,true
388,Elisa Dieton,67,11521.16,30,845,true
389,Kati Kropach,35,11413.25,27,306,true
390,Lynn Snoad,64,2577.64,86,822,true
391,Agneta Legge,62,14118.82,56,764,true
392,Brewster Allon,64,9384.09,82,294,true
393,Rhiamon Exell,51,8481.21,41,869,true
394,Bear Boteman,59,7914.52,84,584,false
395,Romona Bareford,69,14218.38,35,640,true
396,Trudie McOrkill,77,1376.06,87,162,true
397,Cad Cromarty,27,6775.87,68,904,false
398,Carlynn Bater,46,13843.18,81,527,false
399,Zsa zsa Saket,29,8067.66,101,395,false
400,Kleon Tinwell,30,1056.01,13,816,true
401,Pascale Auten,73,3023.53,65,351,false
402,Rufus Sturdgess,50,8208.06,105,361,false
403,Wynn Harflete,53,6699.24,102,639,false
404,Gallard Illes,56,11480.76,33,803,false
405,August Kieran,25,6494.78,104,449,true
406,Sallee Bulle,63,8903.11,35,795,true
407,Doris Hardy,69,2481.66,76,920,false
408,Archer McLanachan,46,12005.52,53,727,true
409,Laurena Dufton,48,11572.11,47,372,true
410,Pascal Hartropp,60,10030.73,92,461,true
411,Kalina Bonny,25,12091.38,105,345,true
412,Kelila Matuska,52,13405.91,59,106,true
413,Clair Varren,57,2001.36,75,442,true
414,Elroy Hicklingbottom,22,14133.5,24,783,true
415,Vivien Rittmeyer,33,3222.99,37,940,true
416,May Rue,39,6965.34,96,646,false
417,Reilly Dufton,35,8043.51,6,707,false
418,Doralin Sebborn,80,8384.39,2,343,true
419,Susanna Clews,45,7101.41,40,515,true
420,Rahal Dumsday,26,9052.69,15,319,false
421,Tallie Patton,52,3600.84,21,45,false
422,Mitchel Towne,70,4715.11,0,969,false
423,Editha Birtonshaw,62,8783.88,109,985,false
424,Brandy Kubin,32,3598.16,105,425,true
425,Robers O'Cassidy,27,10302.04,108,47,false
426,Raviv Speachley,38,10763.2,83,833,false
427,Blake Nettleship,43,9097.44,44,434,false
428,Celinka Bengefield,50,4252.6,68,374,false
429,Robin Lintall,35,9774.1,90,969,true
430,Mead Beauly,18,7457.68,119,440,true
431,Cleopatra Aleksandrikin,65,10690.22,59,681,false
432,Meredith Paulisch,62,7164.25,86,484,false
433,Harriett Abelevitz,29,9614.91,92,191,false
434,Alexis Hehir,31,12489.93,81,806,false
435,Querida Fasson,65,8168.85,4,137,false
436,Nev Thornhill,65,4991.05,115,243,false
437,Binky Penvarne,38,7154.68,5,80,true
438,Shay Jedrychowski,46,1084.15,48,889,true
439,Salmon Hallsworth,47,2920.23,84,810,true
440,Gasparo De Normanville,60,6571.79,55,842,false
441,Gideon Ainscow,51,2219.24,68,433,false
442,Julita Arnowicz,25,11011.36,70,546,true
443,Bax Sculpher,38,5163.38,95,387,true
444,Roze Chisholme,53,7562.12,41,645,true
445,Elinore Karlolczak,34,2045.61,115,648,true
446,Derry Kedwell,75,8295.44,51,532,true
447,Creighton Dibbs,75,11623.81,74,51,true
448,Fergus Martine,61,4210.56,84,136,false
449,Abbi Griggs,72,10812.18,88,605,true
450,Eolande Merrifield,59,9696.28,98,56,true
451,Berta Luckhurst,37,13782.75,58,213,false
452,Phil Cosgrive,68,13197.7,40,278,true
453,Emelita Gandar,40,8457.95,14,649,false
454,Opalina Staneland,69,2734.84,70,840,true
455,Pauletta Hobell,31,1569.99,97,171,false
456,Amandy Prahm,20,13775.47,14,603,false
457,Sigrid Rookledge,26,7072.27,21,356,false
458,Janeczka Gissing,66,14932.96,85,887,true
459,Cherianne Blewmen,31,10479.38,115,67,false
460,Margaretha Luisetti,35,2303.92,49,544,true
461,Bernardina Harrhy,27,9734.62,14,1000,false
462,Rozanne Tresvina,79,3132.46,83,43,false
463,Lyndy Vell,34,10760.36,25,556,true
464,Thomasine Axelbee,69,8166.54,2,824,false
465,Nert Tottman,70,8838.0,88,292,true
466,Avril Buncombe,48,13818.84,32,838,true
467,Kikelia Maving,21,1447.08,99,367,true
468,Nye Tapson,35,12440.45,52,100,true
469,Carny Ties,58,3787.65,13,396,false
470,Timoteo Manston,74,11056.55,102,217,true
471,Germayne Tolchar,77,6822.25,49,430,true
472,Angelika Cruden,76,7141.96,104,647,false
473,Zach Bilbrey,65,3718.01,12,843,true
474,Bing Glanfield,79,10358.6,1,696,true
475,Tyler Lorkins,48,7012.49,119,910,true
476,Roselle McQuaid,33,9134.51,105,7,true
477,Estrella Hiseman,42,12292.2,30,606,true
478,Sibyl Behrend,28,8980.13,60,953,false
479,Salvador Langmead,44,13827.19,114,824,true
480,Marla Collumbine,74,9783.96,20,945,true
481,Westbrook Midgley,75,6441.73,103,689,true
482,Charline Kuschke,22,2350.53,47,945,false
483,Eli Flobert,61,5786.97,55,812,true
484,Murial Blockwell,46,2029.87,58,461,true
485,Marilyn Haldon,23,3545.44,111,587,false
486,Othelia Kenneford,21,11161.12,12,915,false
487,Jim Cowdry,47,6730.6,89,206,false
488,Margarethe Seage,57,11672.42,70,130,true
489,Katharina Carluccio,75,12862.29,31,106,true
490,Fran Whiting,55,1320.22,28,645,true
491,Salomi Kinneir,21,8400.15,74,198,false
492,Massimo Organer,44,1191.44,9,481,true
493,Corey Ratlee,46,2280.1,60,603,false
494,Janean Izzatt,58,11347.59,81,589,false
495,Bamby Exelby,78,3924.51,89,490,true
496,Franni Gregersen,79,1573.77,92,319,true
497,Dorotea Hanhard,61,6684.3,14,266,false
498,Bartholemy Brookwell,30,9728.36,83,948,true
499,Melloney Collecott,39,5823.28,83,957,false
500,Alexandra Gorioli,46,2033.83,70,744,true
501,Alisa Doogood,41,1275.07,119,234,false
502,Remy Gissing,44,7936.86,3,975,true
503,Kailey Hughf,70,10196.75,92,79,false
504,Cornela Jervoise,25,1828.58,61,998,true
505,Denice Minnock,34,3981.88,47,74,false
506,Malissia Vamplus,80,4047.36,53,542,false
507,Bobbie Hands,55,2554.51,99,808,false
508,Bernette Debnam,28,11087.55,33,327,true
509,Cirstoforo Rubin,47,9522.12,8,874,true
510,Allene Belf,25,6988.58,4,5,false
511,Ag Hacket,60,4049.43,30,628,true
512,Shea Gergher,33,2383.54,26,533,true
513,Andrej Tomsett,41,8367.02,101,510,true
514,Stefano Tabourel,25,13958.97,84,137,false
515,Melessa Oger,52,9303.0,83,546,false
516,Prinz Dodshon,29,4086.26,36,838,true
517,Irv Belliveau,76,2754.38,46,140,true
518,Lockwood Morrad,73,10661.18,46,793,false
519,Barnie Clancey,66,7021.25,43,629,true
520,Ellerey Manion,39,11604.49,51,335,true
521,Miriam Bourner,77,7779.67,108,637,true
522,Dulcia Treweek,41,12043.36,13,182,false
523,Katerina Macartney,70,4727.81,36,407,true
524,Giulio Redgrave,31,4389.24,87,568,true
525,Myrle Branthwaite,68,4681.01,81,66,true
526,Maynard Lymbourne,43,9368.78,22,671,true
527,Emmet Bloomfield,75,5671.26,104,762,true
528,Harriette Winterbourne,78,14186.13,6,618,false
529,Danyette Crang,51,2224.43,22,666,true
530,Fanchette Dotterill,73,2912.28,101,448,false
531,Chere Onslow,76,13652.68,68,998,false
532,Marcelline Swiggs,78,12616.9,37,893,false
533,Fiann Howe,22,13030.13,108,744,false
534,Melodie Dobinson,71,10335.14,94,172,true
535,Barthel Van den Broek,36,14121.58,16,132,false
536,Hillard Trevains,76,11242.15,81,448,true
537,Jodie Fairchild,25,4719.17,104,4,true
538,Hillyer Thumann,26,8149.78,28,572,false
539,Vinny Bumby,50,5274.81,89,334,true
540,Becky Kienle,22,9568.44,12,183,true
541,Raynor Havard,30,8746.83,22,59,true
542,Ximenes Saurat,20,1246.8,95,292,false
543,Pamelina Laverock,63,2934.71,50,431,false
544,Virgina Dows,49,10675.98,116,501,false
545,Lucienne Dalgleish,73,6669.23,33,353,false
546,Odelle Cardall,20,5966.27,95,137,true
547,Erl Macquire,24,3101.86,30,30,false
548,Kaleena Spenton,80,6241.9,87,931,false
549,Koral Cristol,45,8245.83,95,671,false
550,Cele Bengtsen,69,8083.82,20,377,false
551,Staffard Wolvey,54,8222.37,56,693,false
552,Nicolas MacCaffery,60,4582.78,90,583,true
553,Odille Grishakin,24,13093.25,66,496,false
554,Auberon Haizelden,46,11618.62,82,612,false
555,Thadeus McCarrell,67,13511.45,49,135,false
556,Emilia Dyneley,66,12294.47,21,548,false
557,Beauregard Oneil,62,6159.73,63,979,false
558,Helge Gravatt,45,10079.25,85,985,true
559,Kalil Buckenhill,47,8711.4,65,60,true
560,Maegan Temple,70,13481.3,1,321,false
561,Rhetta Dracksford,79,12723.0,62,973,true
562,Farrah Weildish,32,6125.74,52,85,true
563,Galvan Ashplant,23,2379.02,19,261,false
564,Zach Lippiett,44,11580.61,41,646,true
565,Butch Dun,30,2158.11,28,805,true
566,Aurelea Beetham,39,8104.73,68,60,true
567,Elora Salliss,30,1541.7,61,34,true
568,Brnaby Duddin,28,6881.83,86,748,false
569,Bram Kevlin,77,14804.56,75,904,true
570,Burch Pinard,21,7458.46,98,144,true
571,Hollie Overstone,70,13795.14,47,682,false
572,Richard Sheaf,24,5372.77,105,935,true
573,Che Burdus,39,14201.91,107,59,false
574,Dukie Pherps,50,2770.62,24,375,true
575,Joannes Mattusov,77,9084.77,24,177,true
576,Phillipe Geerdts,33,2674.89,99,715,false
577,Clyve Von Hindenburg,34,6048.91,67,65,false
578,Lind Cobain,78,13454.59,96,195,false
579,Gerry Monck,51,7742.89,110,533,false
580,Ranice Cridlon,33,12889.65,41,404,true
581,Orelia Cardon,35,7175.56,108,376,false
582,Natividad Mapples,25,12396.38,112,835,true
583,Val Painter,56,14714.97,113,386,false
584,Maurene Blackstock,71,6249.29,29,756,true
585,Kristoffer Van Oord,41,4134.51,37,904,false
586,Rafaelita Crocroft,59,1071.58,79,686,false
587,Aloin Lauchlan,41,2431.55,48,227,false
588,Leonard Vassall,78,5148.29,75,573,false
589,Babs Sacco,69,9478.68,3,660,false
590,Broderick Fearnyhough,53,3375.81,67,511,false
591,Reider Dumphy,52,4319.36,86,325,false
592,Lynette Zoanetti,69,11835.4,42,444,false
593,Dukie Shakesbye,49,11896.76,64,796,true
594,Salli Tearney,72,10305.7,120,353,false
595,Carlyn Postin,73,13075.47,5,841,true
596,Valaree Attkins,54,14564.18,67,92,false
597,Tremaine Baldassi,31,3579.34,16,239,false
598,Kermit Pamment,26,12644.0,24,900,false
599,Evy Cheal,52,14577.38,30,962,false
600,Jeanette Obert,57,3445.6,86,658,false
601,Gabriell Stockoe,47,2198.96,57,596,true
602,Lesley Cool,73,5913.43,57,498,false
603,Alica Zoellner,18,12255.12,76,369,false
604,Emery Farnfield,60,6081.97,119,225,true
605,Hillary Raphael,79,8784.33,67,644,true
606,Estele Bance,39,10386.73,97,840,true
607,Rana Worman,21,11640.29,119,799,true
608,Donna McGlew,40,1092.95,99,628,true
609,Portie Wellbelove,43,2263.33,96,123,false
610,Bartel Ivie,62,12591.45,77,373,true
611,Kaleb Grellier,40,5286.69,117,605,true
612,Drew Dreigher,22,4428.84,42,818,true
613,Leilah Furmenger,75,7768.81,100,821,false
614,Wilow Campbell-Dunlop,80,13543.36,67,10,false
615,Giulietta Haley,46,1425.94,59,169,false
616,Betsey OIlier,41,12585.0,2,485,false
617,Carin Hilbourne,62,2299.92,119,864,true
618,Staffard Lanbertoni,52,11128.55,38,649,true
619,Kayley Briscow,79,2023.18,33,962,false
620,Nicholas Davio,80,1655.88,34,46,false
621,Marcellina Jerzykiewicz,39,11677.98,40,666,false
622,Chevalier Garnall,30,1733.1,8,903,false
623,Midge Tweedell,49,7986.0,54,942,true
624,Ollie Bell,54,12275.08,48,579,true
625,Eberto Dingate,57,11876.78,10,722,false
626,Constantine Aronson,76,3671.27,41,935,true
627,Tommi Thackwray,65,14472.63,65,789,false
628,Charlotta Greaterex,43,11995.42,85,436,true
629,Fleur Blackway,62,10245.61,111,229,true
630,Pammi Schelle,21,4732.71,106,543,true
631,Jemie Nerval,32,7319.48,41,720,true
632,Maddalena Carmody,29,10080.96,62,802,false
633,Eric Stephens,53,10791.62,82,275,true
634,Sonnie Screeton,32,5511.3,41,461,false
635,Lalo Denington,35,14232.62,8,477,false
636,Stoddard Aysh,18,8714.37,59,572,true
637,Cherish Crosetto,62,1549.45,96,910,true
638,Andie Renehan,63,14554.86,79,972,false
639,Jan Inch,64,8574.68,36,70,true
640,Alejandro Risdale,40,7045.45,5,635,true
641,Gabbie Laxston,58,5178.29,93,159,false
642,Marcia Whittek,39,6432.09,25,567,true
643,Merlina Josephsen,76,10445.73,95,587,true
644,Aveline Gokes,56,3037.86,106,270,false
645,Jere Haddon,51,8266.68,93,552,false
646,Kathryn Wateridge,47,7557.14,80,687,false
647,Der Gealle,43,1943.51,48,65,true
648,Devinne Seine,47,4218.28,50,665,true
649,Salomi Lever,30,14278.36,45,615,false
650,Malvina Sperski,38,12239.28,106,258,false
651,Deeann Shinner,55,7564.92,8,640,true
652,Saw Tolhurst,45,10583.7,62,540,false
653,Noella Mitchely,38,14283.5,109,133,false
654,Evaleen Pepye,63,6079.02,11,977,true
655,Kalina Wintringham,57,3721.82,21,814,true
656,Tyne Burditt,70,5918.24,52,5,false
657,Taffy Widger,23,14343.81,53,531,false
658,Forest Castelluzzi,26,7511.58,105,728,false
659,Cyndia Smiley,45,2757.63,53,442,false
660,Gusti Grunson,30,1116.88,12,217,false
661,Christy Meech,38,4551.04,34,899,true
662,Amaleta Bobasch,25,13890.63,46,421,true
663,Tanhya Northeast,59,11414.05,70,611,true
664,Melanie Maass,58,1732.1,118,616,true
665,Cherida Heigho,18,10064.55,102,460,false
666,Johnnie Cuolahan,68,1332.09,11,147,false
667,Benedick Abramovitch,70,12044.44,39,173,true
668,Bibby Mumbey,55,7495.35,85,96,false
669,Deeann Fennell,72,2614.87,28,843,true
670,Vincenty Rushman,65,12039.92,30,878,false
671,Jobi Aggio,37,5599.84,87,841,false
672,Elyn Caddy,18,2999.76,51,976,true
673,Carolann Wiltsher,32,12968.39,8,770,false
674,Bertie Trillo,52,3146.36,42,637,false
675,Meredithe Lorenzin,31,5552.87,24,617,true
676,Hedwig Padrick,53,12514.54,24,752,true
677,Consuela Fideler,73,1971.16,80,490,false
678,Flss Dunster,77,11795.37,16,125,false
679,Lucila McCromley,39,6579.0,39,726,true
680,Margit Marion,57,4218.66,69,7,false
681,Alasdair Middell,66,10076.08,87,509,false
682,Jemmie Ditt,30,14567.61,56,900,true
683,Perla Lewis,24,4216.55,41,494,false
684,Keelia Demschke,56,12876.4,58,705,false
685,Woodman Dutt,19,2996.62,76,642,false
686,Cortney Nathan,72,7574.72,37,424,false
687,Jemmie Blayney,69,11416.14,60,56,false
688,Malinde Wrefford,37,2749.27,113,147,true
689,Wilek Livingstone,58,11482.86,52,252,true
690,Suki Sibborn,38,9805.85,73,664,false
691,Lavena Murrow,65,7473.79,93,758,false
692,Reggy Danskine,48,11948.87,85,304,true
693,Noelle Niccolls,70,8093.6,72,479,true
694,Binky di Rocca,42,9364.34,90,109,true
695,Kamilah Grob,70,1114.03,9,30,true
696,Tobit Edgehill,22,9453.77,33,295,true
697,Elbertine Hews,69,4357.49,13,283,false
698,Bonnee Gledhill,29,13780.5,2,496,false
699,Danyelle Pendrid,76,4845.34,90,26,false
700,Rodolfo Whyley,37,5919.8,102,108,true
701,Lilllie Shorbrook,19,10738.42,81,817,false
702,Jacquetta Menichino,41,10104.55,9,8,false
703,Dredi Gibbin,72,3141.78,99,417,false
704,Zolly Thomson,33,9931.58,32,459,true
705,Sydney Mc Corley,34,10371.06,56,824,false
706,Adolf Baford,69,8111.49,36,560,false
707,Wright Howis,76,11103.02,112,576,false
708,Wilone Simenon,61,9033.39,118,724,false
709,Gert Trubshawe,30,3878.76,106,679,false
710,Loretta Vines,38,7543.27,44,233,false
711,Judah Conti,66,4977.94,26,685,false
712,Kacy Janusik,72,13294.45,79,18,false
713,Corbett Lane,68,2033.01,11,891,false
714,Marion Grushin,41,2082.21,68,878,false
715,Danni Macellar,80,11383.09,97,800,false
716,Samuele Babbage,18,6635.93,106,409,false
717,Rosemary Blackbourn,22,9257.32,118,815,false
718,Doreen Tixall,51,8202.87,28,540,false
719,Devland Biasioni,49,11295.97,79,197,false
720,Clementia MacCambridge,18,9210.47,84,523,true
721,Emlyn Casewell,20,5183.81,106,38,false
722,Ursola Heinsh,62,13915.64,64,376,false
723,Sharity Idle,31,12533.74,27,813,true
724,Pacorro Syplus,28,8654.06,5,663,false
725,Lura Brownsea,28,10803.67,35,751,false
726,Wilden Grattage,52,13824.52,6,460,false
727,Rosemarie Duncklee,37,4905.66,108,199,true
728,Carce Perchard,33,2093.93,91,418,false
729,Rayner O'Collopy,76,8369.47,68,194,true
730,Faustine Nerney,31,1026.54,66,382,false
731,Franzen Anthoine,79,11126.47,70,926,false
732,Orrin Heintsch,77,8599.51,50,78,false
733,Tressa Pohlak,29,11846.39,90,18,false
734,Jo-anne Coultar,67,1102.97,45,863,true
735,Gretna Gyde,42,5405.16,0,597,true
736,Essie Dwelly,29,1145.25,92,218,false
737,Winnifred Howles,57,4030.08,43,1,true
738,Malinde Bouldon,45,4255.15,47,170,false
739,Elizabet Yanson,68,10604.35,93,494,true
740,Ninnetta Maguire,35,5688.96,114,137,true
741,Kermy Jayne,73,9947.14,34,867,true
742,Cherilyn Nanni,70,4663.5,5,211,true
743,Delphinia Sambell,45,3977.31,46,0,true
744,Myrna Currie,32,10929.37,32,196,false
745,Rubia Blackbrough,71,9685.98,12,914,false
746,Zebedee Conaghan,45,1269.94,106,162,true
747,Courtnay Rouge,74,1070.89,101,595,true
748,Thomasina Edgeley,20,4153.84,96,963,false
749,Janaya Voisey,41,8245.68,51,564,false
750,Scott Guerin,62,2783.24,71,175,false
751,Burty MacMoyer,53,3616.22,28,781,false
752,Link Zanre,20,7498.47,19,33,true
753,Dun Edgler,39,13628.11,62,739,false
754,Obed Heavens,27,14262.51,10,529,false
755,Jacinthe Mockford,76,11397.14,116,214,false
756,Gan Bumpass,77,6824.5,91,123,false
757,Tabbitha Snape,78,13524.7,105,250,true
758,Bel Rey,23,13925.5,102,117,false
759,Ebba Mc Elory,80,7675.97,29,1000,true
760,Cami Delnevo,46,11352.55,114,716,true
761,Domini Hirthe,30,10145.44,40,297,true
762,Elliott Murrell,56,12915.38,16,771,false
763,Maisey Rhead,63,10056.13,38,416,false
764,Man Straughan,37,2070.74,111,724,false
765,Tom MacLaughlin,63,4673.43,54,52,false
766,Chantalle Arendsen,34,1079.01,6,441,true
767,Silvana Shearmer,47,2466.26,69,228,false
768,Windham Jolley,72,8207.61,104,754,true
769,Isabelle Chitham,50,14243.63,117,956,false
770,Cass Varnes,53,10019.47,21,815,true
771,Myra Le Leu,55,12301.88,61,658,true
772,Nicol Wordesworth,60,12220.22,33,764,false
773,Tulley MacGorley,64,11548.68,96,504,true
774,Miltie Royden,61,1992.39,96,101,true
775,Patsy Perulli,66,6324.9,41,921,true
776,Josie Cotty,74,12492.58,6,412,false
777,Saree Carlet,74,12514.35,68,624,true
778,Lyssa Blakesley,41,10989.42,53,980,true
779,Suzette Banck,50,5497.35,113,415,false
780,Leann Blasdale,76,13159.76,61,571,true
781,Job Edmondson,64,11830.17,22,290,false
782,Lorine Feavers,55,2302.07,35,239,true
783,Garret Garrioch,54,12001.2,11,528,true
784,Gertruda Huleatt,31,8205.97,66,418,true
785,Beaufort Cleynman,49,3281.79,117,389,true
786,Chen Pimme,24,6484.89,103,896,false
787,Joell Harrison,69,4418.58,75,467,true
788,Hoebart Rape,38,14655.63,0,990,true
789,Alida Van Hault,18,4622.21,119,910,false
790,Sarine Broderick,20,3711.47,26,367,false
791,Eba Sly,67,14366.7,41,760,false
792,Michael Jotcham,35,10194.81,1,925,false
793,Karon Curado,21,12985.2,74,48,true
794,Monro Barbery,31,9195.11,10,656,true
795,Maddie Diggar,23,7962.7,52,482,true
796,Anetta Marcoolyn,47,6468.74,15,553,true
797,Lion Seelbach,43,13305.82,13,806,true
798,Eduardo Szymonwicz,39,14303.06,48,793,true
799,Trumann Stainfield,48,13721.66,74,120,false
800,Caril d'Escoffier,73,6309.68,47,110,true
801,Brenn Haines,53,11491.85,115,176,true
802,Dougy Lindhe,69,4957.77,77,523,false
803,Nelle Blenkensop,43,9943.94,67,826,true
804,Toddie Aslott,50,13888.3,22,623,false
805,Sadie Blyth,57,8370.91,87,170,true
806,Alix Grantham,70,7546.06,40,6,false
807,Ulberto Denisard,58,4111.08,24,799,true
808,Melinde Morando,61,1034.97,6,663,false
809,Kamila Ingliss,28,10721.55,98,592,true
810,Tory Kenion,49,10759.3,22,744,false
811,Anabal Unsworth,40,10662.81,29,533,false
812,Ignaz Taylerson,70,11538.22,83,284,true
813,Gard Aartsen,24,12792.66,94,912,true
814,Aubree Boys,66,2335.1,119,840,false
815,Odette Hukins,76,8030.03,116,122,true
816,Kriste Russell,37,7381.23,52,281,false
817,Rivi Bellwood,22,6807.9,84,960,false
818,Lita Yuill,59,9136.73,48,374,false
819,Filmore Kittman,45,14678.74,91,691,true
820,Valentine Godman,21,11492.32,113,966,false
821,Myrtie Zamorano,20,9420.53,72,30,true
822,Kriste Stuckow,34,3668.53,93,460,false
823,Chelsey Harm,26,7089.14,119,506,false
824,Sigismundo Voase,36,12457.15,0,805,true
825,Rik Bradley,78,10272.15,40,490,true
826,Ambur Tunder,79,6638.09,108,317,false
827,Cathleen Aynsley,31,4953.64,79,950,false
828,Bobbette Kumar,36,11072.91,21,206,true
829,Kissee Mattia,60,3728.92,11,123,true
830,Ranique Helian,53,3096.07,108,487,true
831,Allsun Griffith,38,4854.32,35,669,false
832,Marley Parker,30,3545.47,45,513,true
833,Blanche Spohrmann,33,10726.6,84,990,true
834,Evaleen Corey,32,10145.86,78,242,true
835,Jabez Ghirigori,36,4591.49,24,277,true
836,Marie Knath,32,7350.83,115,622,false
837,Erin Beaufoy,38,3700.74,104,430,false
838,Gusti Oglethorpe,18,1018.45,23,479,false
839,Cherice MacLachlan,33,13273.8,79,310,false
840,Linell Beranek,50,3565.41,100,800,false
841,Sisile Huyche,62,3738.94,1,648,true
842,Parrnell Middle,27,10968.79,109,295,true
843,Franzen Cormack,53,5762.32,56,61,true
844,Darin Whitmell,48,9985.08,38,78,false
845,Ogdon Dykes,70,7730.62,56,979,false
846,Deni Tadd,28,7534.32,92,15,false
847,Mela Fetherston,18,7747.98,90,196,false
848,Isidoro Hodjetts,60,1708.2,88,561,false
849,Boot Conws,61,4048.12,109,945,false
850,Norry Baudinot,45,1633.18,59,973,false
851,Agnella Asp,36,8970.43,44,854,true
852,Hamlen Neild,24,5446.08,105,156,true
853,Rawley Bride,49,6837.11,39,96,false
854,Jermaine Wylder,70,2604.49,95,735,true
855,Hope Philipeaux,29,14733.23,87,305,false
856,Briggs Spier,59,5918.78,52,30,true
857,Daisy Howe,33,1512.78,83,859,false
858,Tricia Scroggie,67,10732.81,112,697,true
859,Marnie Nettleship,46,7900.08,61,0,true
860,Hasheem Timbridge,36,5338.05,116,590,true
861,Tomas Lawler,64,7948.89,47,113,false
862,Lew Christaeas,61,13942.1,79,600,true
863,Allyn Minci,68,8164.62,48,210,false
864,Winifield Brinsden,39,10133.03,35,756,true
865,Elsworth Clamp,77,5901.23,66,246,false
866,Marylin Barmby,46,7064.03,92,307,false
867,Ax Morrad,59,3945.9,22,122,false
868,Codi Ikringill,25,1610.55,70,148,true
869,Margaretta Marchment,71,13777.87,115,807,false
870,Nari Morten,68,9760.17,78,403,true
871,Hussein O'Hanley,71,13590.85,43,981,true
872,Eudora Hannam,66,7635.26,73,655,true
873,Avram Kunath,18,11139.33,42,678,true
874,Gayel Benson,73,13108.51,43,718,true
875,Katti Reinert,55,14539.24,40,280,true
876,Fairfax Lescop,40,2276.96,61,311,true
877,Annelise Jenner,28,9760.58,96,659,false
878,Elliot Este,78,4311.94,119,905,true
879,Angelina Philo,18,2392.14,38,333,true
880,Randa Collings,18,6329.64,84,245,false
881,Roby Barrabeale,36,9340.03,16,799,true
882,Catina Johansen,51,4738.82,77,595,false
883,Ania Denisot,29,4451.2,75,536,true
884,Elfrieda Cudbertson,51,7774.79,71,714,true
885,Irma Turfin,38,11663.26,69,301,false
886,Jennine Easseby,37,1451.21,5,815,true
887,Betty Leber,75,13140.58,21,124,true
888,Jeff Ferrieri,41,8857.58,110,242,false
889,Clayton Scotsbrook,79,5766.78,59,883,true
890,Hillel McMeekan,22,2944.1,51,307,true
891,Odessa Gilstoun,72,2969.99,81,165,true
892,Alair Lamberth,65,3292.49,81,741,true
893,Quintus Cuniam,53,10963.09,45,448,false
894,Hort Haslock(e),30,10942.5,63,96,false
895,Renado Doerr,38,8143.59,120,107,false
896,Rocky Sackey,40,12099.9,47,909,false
897,Cheryl Pawley,53,2712.46,14,218,true
898,Salli Garrison,35,14062.08,22,342,false
899,Ilyse Menelaws,20,2577.03,33,687,true
900,Sanderson Stockley,70,8574.51,44,897,true
901,Burt Barlie,34,4373.21,105,312,true
902,Wheeler Featenby,39,6601.43,62,667,true
903,Deena Peterkin,41,10526.32,72,243,false
904,Frants Caselli,46,10930.48,51,543,true
905,Cathlene Chiechio,25,3456.09,46,742,true
906,Kali Longland,36,2791.62,9,18,true
907,Tammie Colafate,52,9438.13,22,820,false
908,Rudiger Aingel,38,9438.84,109,343,false
909,Web Binford,30,7847.37,116,27,true
910,Jordan Bonevant,34,7274.93,58,880,false
911,Kippar Jerisch,39,6670.2,11,805,true
912,Clo Ettery,42,6321.67,5,296,true
913,Spense Gavan,56,7379.07,102,46,true
914,Cherish McClarence,74,1554.91,49,718,true
915,Weylin Rolls,31,5412.54,16,867,false
916,Shena Ninnotti,42,12757.05,85,429,true
917,Bran McKeveney,28,3083.75,8,907,true
918,Thurston Meadowcroft,59,10612.61,54,986,true
919,Cherish Fidoe,37,14521.09,90,329,true
920,Vita Telfer,63,3199.35,98,120,false
921,Benjamen Dugall,51,5486.2,70,653,true
922,Armand Parkyn,18,12521.98,71,637,false
923,Carmel Ashton,53,3011.3,64,692,false
924,Shir Oliphand,21,11362.83,57,628,true
925,Ivett Geffcock,40,14186.95,59,376,false
926,Duffy Terrelly,74,1533.27,56,314,true
927,Bartholomeus Kiddle,19,2174.14,8,801,false
928,Ida McMickan,62,14881.9,107,89,false
929,Nils Saltrese,80,9556.15,104,391,true
930,Pierre Marthen,59,7609.91,2,932,false
931,Steffane Voyce,33,1390.59,11,169,true
932,Howey Le Marchand,76,13162.96,111,906,true
933,Orazio Antal,34,8388.02,12,525,false
934,Dodie Andras,44,10397.38,30,387,true
935,Franklyn Crankhorn,41,2307.69,72,205,false
936,Napoleon Stapels,44,12625.11,21,740,false
937,Augustina Sainsberry,60,11919.7,40,329,true
938,Emmalynne Swiffan,23,12807.88,98,914,false
939,Pyotr Starbucke,39,6048.37,97,3,false
940,Merl St Pierre,69,10883.5,21,242,true
941,Darrick Gethins,66,12056.49,106,416,true
942,Winston Sibray,59,1156.65,99,870,false
943,Gibbie Vedeshkin,42,10793.88,52,517,true
944,Carolann Proby,53,4873.68,102,238,false
945,Daisey Myhan,29,3289.93,101,988,true
946,Ashlie Boutellier,21,10954.15,46,498,true
947,Georgiana Moxted,66,2175.45,95,853,false
948,Danyelle Gascoine,54,3006.68,107,371,false
949,Halsey Brook,63,14546.68,39,662,false
950,Wyndham Sinnie,56,4320.48,99,243,false
951,Archaimbaud Kingzet,70,3117.6,118,295,false
952,Humphrey Frankiewicz,50,5192.88,117,133,false
953,Jelene Attawell,80,2926.01,89,587,false
954,Selena Phaup,75,4394.38,38,610,true
955,Ignatius Eccleshall,61,2544.02,107,2,true
956,Saundra Carneck,18,1618.17,43,65,true
957,Antoni Weyman,61,6764.81,80,311,false
958,Rog Duckett,65,12531.58,73,702,true
959,Reggie Fleet,49,4534.33,39,41,false
960,Kristina Whitmarsh,42,2742.62,38,340,true
961,Muhammad Terrell,33,7130.86,66,199,true
962,Dom Izzatt,47,11382.82,66,141,false
963,Charmain Botley,27,8883.46,99,518,true
964,Oby Balsellie,58,10733.9,14,316,true
965,Cosimo Lacotte,55,10755.1,98,644,false
966,Burke Kornalik,74,13008.14,67,601,true
967,Morgen Dillistone,28,14631.04,77,632,true
968,Berkly Quartly,29,6448.66,96,979,true
969,Bartlett Cavnor,62,3244.35,7,126,false
970,Ag Bliben,56,13425.35,114,813,true
971,Kathie Boyce,71,7043.74,43,808,true
972,Georgeta McKnockiter,51,13044.75,90,217,true
973,Stacie Ower,44,4551.03,97,237,true
974,Tiphany Quilkin,38,9770.25,76,961,false
975,Bernice Dugald,54,3073.28,12,918,false
976,Nady Presho,55,1967.04,97,552,false
977,Veriee Benesevich,69,2655.94,102,203,true
978,Joel Lethieulier,47,10032.77,31,339,true
979,Barny Petherick,53,3507.86,27,54,false
980,Emlynn Bottrill,62,1313.23,117,349,true
981,Brewster Heynel,31,14087.18,112,421,false
982,Lyda Zorer,18,1468.72,95,908,false
983,Rowan Prydie,65,3679.44,78,141,true
984,Star Pond,52,6823.21,46,893,false
985,Glynnis Sabbatier,29,5411.41,85,139,true
986,Arlene Blinckhorne,50,11828.4,30,516,false
987,Ignacio Bertl,18,8614.87,52,224,true
988,Jakie Clowley,41,1415.38,104,1000,false
989,Mariya Rookledge,67,11697.38,10,586,false
990,Pepita Crumbie,78,3997.43,119,558,true
991,Rhianna Orbine,41,12337.73,114,607,true
992,Yuma Perocci,22,1698.05,27,514,false
993,Chiarra Castanie,40,4171.38,3,197,true
994,Guenna Immings,37,1818.72,58,128,false
995,Jenni Anselmi,49,4040.17,29,945,true
996,Adler Gagin,48,14340.84,61,955,true
997,Briney Turnor,68,7499.07,82,581,true
998,Leonhard Tattershaw,53,14191.36,92,768,true
999,Frederick Giametti,61,3958.74,21,164,true
1000,Margery Keary,64,14893.15,20,797,false
